url_path,views_total,views_unique
/Ladbaby/PyOmniTS,156,80
/Ladbaby/PyOmniTS/issues,32,10
/Ladbaby/PyOmniTS/tree/main/models,28,18
/Ladbaby/PyOmniTS/tree/main/data,23,21
/Ladbaby/PyOmniTS/tree/main/data/data_provider/datasets,21,11
/Ladbaby/PyOmniTS/tree/main,17,9
/Ladbaby/PyOmniTS/tree/main/data/data_provider,13,11
/Ladbaby/PyOmniTS/blob/main/models/HyperIMTS.py,11,4
/Ladbaby/PyOmniTS/blob/main/data/data_provider/datasets/MIMIC_III.py,10,6
/Ladbaby/PyOmniTS/blob/main/data/data_provider/datasets/HumanActivity.py,9,4
